{"cameraMode":{"drawMode":0,"name":"Shaded","section":"Shading Mode"},"sceneLighting":true,"audioPlay":false,"sceneViewState":{"m_AlwaysRefresh":false,"showFog":true,"showSkybox":true,"showFlares":true,"showImageEffects":true,"showParticleSystems":true,"showVisualEffectGraphs":true,"m_FxEnabled":true},"in2DMode":false,"pivot":{"x":109.7423095703125,"y":18.178485870361329,"z":0.4733905792236328},"rotation":{"x":-0.007523634005337954,"y":-0.6495991349220276,"z":0.006431014742702246,"w":-0.7602233290672302},"size":46.08787155151367,"orthographic":false}